config_id,stressor_prob,stressor_intensity,immortal,run,generation,lifespan,dreamer_fraction,guardian_fraction,plasticity_index,interiority_score,n_awakenings,cause_of_death,fitness_score,plasticity_selection_r
sp0.3_si2.0_mortal,0.3,2.0,False,0,0,104,0.631068,0.339806,1.857137,1.0,0,survived,0.852427,0.0
sp0.3_si2.0_mortal,0.3,2.0,False,0,1,86,0.6,0.258824,2.318173,1.0,0,survived,0.736154,0.0
sp0.3_si2.0_mortal,0.3,2.0,False,0,2,95,0.670213,0.244681,2.739119,1.0,0,survived,0.816162,-1.0
sp0.3_si2.0_mortal,0.3,2.0,False,0,3,161,0.64375,0.275,2.340901,1.0,0,survived,0.8575,0.843306
sp0.3_si2.0_mortal,0.3,2.0,False,0,4,52,0.568627,0.294118,1.933327,1.0,0,survived,0.42124,0.492807
sp0.3_si2.0_mortal,0.3,2.0,False,0,5,409,0.710784,0.232843,3.052618,1.0,0,survived,0.884314,-0.651964
sp0.3_si2.0_mortal,0.3,2.0,False,0,6,264,0.555133,0.365019,1.520829,1.0,0,survived,0.609339,-0.211928
sp0.3_si2.0_mortal,0.3,2.0,False,0,7,41,0.75,0.25,2.999988,1.0,0,survived,0.360147,0.053719
sp0.3_si2.0_mortal,0.3,2.0,False,0,8,264,0.638783,0.247148,2.584605,1.0,0,survived,0.642799,0.22618
sp0.3_si2.0_mortal,0.3,2.0,False,0,9,312,0.581994,0.327974,1.774504,1.0,0,survived,0.690499,0.206453
sp0.3_si2.0_mortal,0.3,2.0,False,0,10,130,0.705426,0.24031,2.935472,1.0,0,survived,0.47288,0.238369
sp0.3_si2.0_mortal,0.3,2.0,False,0,11,46,0.622222,0.288889,2.153839,1.0,0,survived,0.316371,0.101577
sp0.3_si2.0_mortal,0.3,2.0,False,0,12,558,0.64,0.3,2.133326,1.0,0,survived,0.856,0.010325
sp0.3_si2.0_mortal,0.3,2.0,False,0,13,56,0.618182,0.236364,2.615374,1.0,0,survived,0.307488,0.009799
sp0.3_si2.0_mortal,0.3,2.0,False,0,14,68,0.641791,0.358209,1.791662,1.0,0,survived,0.329835,0.030929
sp0.3_si2.0_mortal,0.3,2.0,False,0,15,216,0.64186,0.32093,1.999994,1.0,0,survived,0.489002,0.031847
sp0.3_si2.0_mortal,0.3,2.0,False,0,16,603,0.586,0.31,1.890316,1.0,0,survived,0.8344,0.03525
sp0.3_si2.0_mortal,0.3,2.0,False,0,17,114,0.610619,0.238938,2.555545,1.0,0,survived,0.357681,0.066306
sp0.3_si2.0_mortal,0.3,2.0,False,0,18,50,0.612245,0.306122,1.999993,1.0,0,survived,0.294649,0.088544
sp0.3_si2.0_mortal,0.3,2.0,False,0,19,13,0.5,0.5,0.999998,0.2,0,survived,0.212935,0.109875
sp0.3_si2.0_mortal,0.3,2.0,False,0,20,222,0.647059,0.244344,2.648137,1.0,0,survived,0.479719,0.068819
sp0.3_si2.0_mortal,0.3,2.0,False,0,21,75,0.702703,0.297297,2.363628,1.0,0,survived,0.355708,0.055978
sp0.3_si2.0_mortal,0.3,2.0,False,0,22,189,0.643617,0.340426,1.890619,1.0,0,survived,0.445507,0.056011
sp0.3_si2.0_mortal,0.3,2.0,False,0,23,47,0.586957,0.326087,1.799994,1.0,0,survived,0.281549,0.046716
sp0.3_si2.0_mortal,0.3,2.0,False,0,24,487,0.561728,0.333333,1.68518,1.0,0,survived,0.709268,-0.018245
sp0.3_si2.0_mortal,0.3,2.0,False,0,25,244,0.650206,0.283951,2.289847,1.0,0,survived,0.502868,-0.033407
sp0.3_si2.0_mortal,0.3,2.0,False,0,26,354,0.603399,0.311615,1.936357,1.0,0,survived,0.593599,-0.016752
sp0.3_si2.0_mortal,0.3,2.0,False,0,27,181,0.7,0.255556,2.73912,1.0,0,survived,0.4601,-0.014915
sp0.3_si2.0_mortal,0.3,2.0,False,0,28,250,0.650602,0.273092,2.382344,1.0,0,survived,0.508997,0.001149
sp0.3_si2.0_mortal,0.3,2.0,False,0,29,165,0.658537,0.268293,2.454536,1.0,0,survived,0.427594,-0.001815
sp0.3_si2.0_mortal,0.3,2.0,False,0,30,130,0.697674,0.248062,2.812489,1.0,0,survived,0.408423,-0.009599
sp0.3_si2.0_mortal,0.3,2.0,False,0,31,67,0.575758,0.30303,1.899994,1.0,0,survived,0.29697,-0.042587
sp0.3_si2.0_mortal,0.3,2.0,False,0,32,23,0.545455,0.272727,1.999993,0.7,0,survived,0.241067,-0.004678
sp0.3_si2.0_mortal,0.3,2.0,False,0,33,268,0.621723,0.292135,2.128198,1.0,0,survived,0.515356,-0.029595
sp0.3_si2.0_mortal,0.3,2.0,False,0,34,176,0.594286,0.297143,1.999993,1.0,0,survived,0.412839,-0.029249
sp0.3_si2.0_mortal,0.3,2.0,False,0,35,55,0.574074,0.425926,1.347823,1.0,0,survived,0.284356,-0.012521
sp0.3_si2.0_mortal,0.3,2.0,False,0,36,322,0.676012,0.242991,2.78204,1.0,0,survived,0.590803,-0.037518
sp0.3_si2.0_mortal,0.3,2.0,False,0,37,524,0.672,0.264,2.545445,1.0,0,survived,0.790193,0.018621
sp0.3_si2.0_mortal,0.3,2.0,False,0,38,359,0.594972,0.293296,2.028565,1.0,0,survived,0.595203,0.040604
sp0.3_si2.0_mortal,0.3,2.0,False,0,39,103,0.696078,0.264706,2.62962,1.0,0,survived,0.380919,0.050517
sp0.3_si2.0_mortal,0.3,2.0,False,0,40,73,0.611111,0.208333,2.933319,1.0,0,survived,0.317081,0.023102
sp0.3_si2.0_mortal,0.3,2.0,False,0,41,197,0.622449,0.265306,2.346145,1.0,0,survived,0.444999,0.023028
sp0.3_si2.0_mortal,0.3,2.0,False,0,42,374,0.691689,0.257373,2.68749,1.0,0,survived,0.648815,0.019173
sp0.3_si2.0_mortal,0.3,2.0,False,0,43,75,0.554054,0.364865,1.518514,1.0,0,survived,0.296248,-0.00405
sp0.3_si2.0_mortal,0.3,2.0,False,0,44,61,0.583333,0.233333,2.499989,1.0,0,survived,0.29403,0.025223
sp0.3_si2.0_mortal,0.3,2.0,False,0,45,73,0.694444,0.25,2.777767,1.0,0,survived,0.350415,0.040001
sp0.3_si2.0_mortal,0.3,2.0,False,0,46,27,0.423077,0.384615,1.099997,0.9,0,survived,0.196096,0.00939
sp0.3_si2.0_mortal,0.3,2.0,False,0,47,24,0.478261,0.347826,1.374996,1.0,0,survived,0.215185,0.085503
sp0.3_si2.0_mortal,0.3,2.0,False,0,48,80,0.64557,0.303797,2.124993,1.0,0,survived,0.33783,0.11315
sp0.3_si2.0_mortal,0.3,2.0,False,0,49,273,0.610294,0.279412,2.184203,1.0,0,survived,0.515759,0.117197
sp0.3_si2.0_mortal,0.3,2.0,False,1,0,168,0.652695,0.311377,2.096147,1.0,0,survived,0.861078,0.0
sp0.3_si2.0_mortal,0.3,2.0,False,1,1,374,0.621984,0.24933,2.494614,1.0,0,survived,0.848794,0.0
sp0.3_si2.0_mortal,0.3,2.0,False,1,2,108,0.551402,0.317757,1.735289,1.0,0,survived,0.393823,1.0
sp0.3_si2.0_mortal,0.3,2.0,False,1,3,77,0.671053,0.328947,2.039994,1.0,0,survived,0.39195,0.794884
sp0.3_si2.0_mortal,0.3,2.0,False,1,4,102,0.485149,0.39604,1.224997,1.0,0,survived,0.357696,0.43194
sp0.3_si2.0_mortal,0.3,2.0,False,1,5,180,0.659218,0.301676,2.185178,1.0,0,survived,0.552457,0.211004
sp0.3_si2.0_mortal,0.3,2.0,False,1,6,568,0.606,0.3,2.019993,1.0,0,survived,0.8424,0.399446
sp0.3_si2.0_mortal,0.3,2.0,False,1,7,157,0.557692,0.24359,2.289464,1.0,0,survived,0.388922,0.394984
sp0.3_si2.0_mortal,0.3,2.0,False,1,8,171,0.588235,0.288235,2.040809,1.0,0,survived,0.415928,0.407787
sp0.3_si2.0_mortal,0.3,2.0,False,1,9,66,0.523077,0.292308,1.789468,1.0,0,survived,0.278949,0.408367
sp0.3_si2.0_mortal,0.3,2.0,False,1,10,65,0.578125,0.34375,1.681813,1.0,0,survived,0.299912,0.465552
sp0.3_si2.0_mortal,0.3,2.0,False,1,11,140,0.647482,0.323741,1.999994,1.0,0,survived,0.40688,0.468817
sp0.3_si2.0_mortal,0.3,2.0,False,1,12,92,0.527473,0.296703,1.777772,1.0,0,survived,0.308172,0.393767
sp0.3_si2.0_mortal,0.3,2.0,False,1,13,291,0.662069,0.303448,2.181811,1.0,0,survived,0.572222,0.294639
sp0.3_si2.0_mortal,0.3,2.0,False,1,14,45,0.5,0.25,1.999992,1.0,0,survived,0.247535,0.187985
sp0.3_si2.0_mortal,0.3,2.0,False,1,15,137,0.617647,0.330882,1.866661,1.0,0,survived,0.391777,0.199149
sp0.3_si2.0_mortal,0.3,2.0,False,1,16,32,0.741935,0.258065,2.874989,1.0,0,survived,0.330577,0.16221
sp0.3_si2.0_mortal,0.3,2.0,False,1,17,135,0.649254,0.291045,2.230762,1.0,0,survived,0.402307,0.111532
sp0.3_si2.0_mortal,0.3,2.0,False,1,18,114,0.530973,0.362832,1.463411,1.0,0,survived,0.332812,0.095142
sp0.3_si2.0_mortal,0.3,2.0,False,1,19,20,0.526316,0.473684,1.111109,0.5,0,survived,0.231653,0.146822
sp0.3_si2.0_mortal,0.3,2.0,False,1,20,186,0.648649,0.291892,2.222215,1.0,0,survived,0.455938,0.128345
sp0.3_si2.0_mortal,0.3,2.0,False,1,21,97,0.510417,0.333333,1.531245,1.0,0,survived,0.306631,0.10918
sp0.3_si2.0_mortal,0.3,2.0,False,1,22,36,0.628571,0.371429,1.692303,1.0,0,survived,0.289457,0.155271
sp0.3_si2.0_mortal,0.3,2.0,False,1,23,218,0.663594,0.262673,2.526306,1.0,0,survived,0.495719,0.166434
sp0.3_si2.0_mortal,0.3,2.0,False,1,24,127,0.634921,0.333333,1.904756,1.0,0,survived,0.388123,0.155319
sp0.3_si2.0_mortal,0.3,2.0,False,1,25,118,0.717949,0.188034,3.818162,1.0,0,survived,0.411827,0.148672
sp0.3_si2.0_mortal,0.3,2.0,False,1,26,159,0.626582,0.259494,2.414625,1.0,0,survived,0.418591,0.147223
sp0.3_si2.0_mortal,0.3,2.0,False,1,27,260,0.602317,0.316602,1.902433,1.0,0,survived,0.515575,0.156312
sp0.3_si2.0_mortal,0.3,2.0,False,1,28,77,0.763158,0.236842,3.222209,1.0,0,survived,0.386601,0.15599
sp0.3_si2.0_mortal,0.3,2.0,False,1,29,355,0.615819,0.29096,2.116498,1.0,0,survived,0.621328,0.266357
sp0.3_si2.0_mortal,0.3,2.0,False,1,30,82,0.530864,0.382716,1.387093,1.0,0,survived,0.298965,0.262938
sp0.3_si2.0_mortal,0.3,2.0,False,1,31,274,0.630037,0.271062,2.324316,1.0,0,survived,0.541451,0.216131
sp0.3_si2.0_mortal,0.3,2.0,False,1,32,69,0.647059,0.191176,3.384598,1.0,0,survived,0.331711,0.206418
sp0.3_si2.0_mortal,0.3,2.0,False,1,33,259,0.647287,0.248062,2.609364,1.0,0,survived,0.532506,0.218109
sp0.3_si2.0_mortal,0.3,2.0,False,1,34,132,0.656489,0.328244,1.999994,1.0,0,survived,0.402032,0.213418
sp0.3_si2.0_mortal,0.3,2.0,False,1,35,42,0.585366,0.414634,1.411761,1.0,0,survived,0.278513,0.1898
sp0.3_si2.0_mortal,0.3,2.0,False,1,36,263,0.687023,0.217557,3.15788,1.0,0,survived,0.552626,0.176395
sp0.3_si2.0_mortal,0.3,2.0,False,1,37,78,0.597403,0.311688,1.916661,1.0,0,survived,0.321355,0.151302
sp0.3_si2.0_mortal,0.3,2.0,False,1,38,48,0.595745,0.319149,1.866661,1.0,0,survived,0.289002,0.155348
sp0.3_si2.0_mortal,0.3,2.0,False,1,39,160,0.540881,0.289308,1.869559,1.0,0,survived,0.385366,0.154686
sp0.3_si2.0_mortal,0.3,2.0,False,1,40,62,0.737705,0.262295,2.812489,1.0,0,survived,0.360575,0.173021
sp0.3_si2.0_mortal,0.3,2.0,False,1,41,231,0.669565,0.234783,2.85184,1.0,0,survived,0.51184,0.197944
sp0.3_si2.0_mortal,0.3,2.0,False,1,42,32,0.709677,0.16129,4.399973,1.0,0,survived,0.317674,0.172498
sp0.3_si2.0_mortal,0.3,2.0,False,1,43,20,0.578947,0.421053,1.374997,0.4,0,survived,0.252706,0.128867
sp0.3_si2.0_mortal,0.3,2.0,False,1,44,95,0.670213,0.329787,2.032252,1.0,0,survived,0.368437,0.133982
sp0.3_si2.0_mortal,0.3,2.0,False,1,45,71,0.7,0.242857,2.882341,1.0,0,survived,0.355,0.120522
sp0.3_si2.0_mortal,0.3,2.0,False,1,46,132,0.679389,0.259542,2.617637,1.0,0,survived,0.411192,0.115936
sp0.3_si2.0_mortal,0.3,2.0,False,1,47,189,0.542553,0.25,2.170204,1.0,0,survived,0.416669,0.122881
sp0.3_si2.0_mortal,0.3,2.0,False,1,48,52,0.705882,0.294118,2.399992,1.0,0,survived,0.337283,0.140732
sp0.3_si2.0_mortal,0.3,2.0,False,1,49,183,0.615385,0.28022,2.196071,1.0,0,survived,0.439464,0.148277
sp0.3_si2.0_mortal,0.3,2.0,False,2,0,172,0.520468,0.339181,1.534478,1.0,0,survived,0.808187,0.0
sp0.3_si2.0_mortal,0.3,2.0,False,2,1,135,0.626866,0.313433,1.999994,1.0,0,survived,0.721677,0.0
sp0.3_si2.0_mortal,0.3,2.0,False,2,2,91,0.655556,0.344444,1.90322,1.0,0,survived,0.579664,-1.0
sp0.3_si2.0_mortal,0.3,2.0,False,2,3,95,0.648936,0.351064,1.84848,1.0,0,survived,0.59097,-0.959595
sp0.3_si2.0_mortal,0.3,2.0,False,2,4,28,0.62963,0.37037,1.699995,0.8,0,survived,0.349526,-0.739405
sp0.3_si2.0_mortal,0.3,2.0,False,2,5,52,0.54902,0.27451,1.999993,1.0,0,survived,0.401003,-0.729061
sp0.3_si2.0_mortal,0.3,2.0,False,2,6,248,0.619433,0.299595,2.067561,1.0,0,survived,0.847773,-0.73177
sp0.3_si2.0_mortal,0.3,2.0,False,2,7,378,0.612732,0.31565,1.94117,1.0,0,survived,0.845093,-0.330024
sp0.3_si2.0_mortal,0.3,2.0,False,2,8,56,0.509091,0.309091,1.647053,1.0,0,survived,0.292525,-0.328742
sp0.3_si2.0_mortal,0.3,2.0,False,2,9,219,0.711009,0.215596,3.297857,1.0,0,survived,0.632023,-0.400332
sp0.3_si2.0_mortal,0.3,2.0,False,2,10,458,0.603939,0.295405,2.044438,1.0,0,survived,0.841575,0.138757
sp0.3_si2.0_mortal,0.3,2.0,False,2,11,94,0.634409,0.322581,1.966661,1.0,0,survived,0.376908,0.140373
sp0.3_si2.0_mortal,0.3,2.0,False,2,12,113,0.678571,0.25,2.714275,1.0,0,survived,0.419464,0.122632
sp0.3_si2.0_mortal,0.3,2.0,False,2,13,96,0.621053,0.336842,1.843745,1.0,0,survived,0.374185,0.068579
sp0.3_si2.0_mortal,0.3,2.0,False,2,14,101,0.43,0.34,1.264702,1.0,0,survived,0.304314,0.064787
sp0.3_si2.0_mortal,0.3,2.0,False,2,15,59,0.62069,0.37931,1.636359,1.0,0,survived,0.325568,0.178004
sp0.3_si2.0_mortal,0.3,2.0,False,2,16,34,0.484848,0.393939,1.230766,1.0,0,survived,0.238481,0.15875
sp0.3_si2.0_mortal,0.3,2.0,False,2,17,18,0.705882,0.294118,2.399992,0.6,0,survived,0.305934,0.236225
sp0.3_si2.0_mortal,0.3,2.0,False,2,18,42,0.609756,0.390244,1.562496,1.0,0,survived,0.298924,0.159511
sp0.3_si2.0_mortal,0.3,2.0,False,2,19,99,0.612245,0.316327,1.935478,1.0,0,survived,0.374592,0.158097
sp0.3_si2.0_mortal,0.3,2.0,False,2,20,255,0.649606,0.30315,2.14285,1.0,0,survived,0.593904,0.159729
sp0.3_si2.0_mortal,0.3,2.0,False,2,21,94,0.569892,0.344086,1.656245,1.0,0,survived,0.351101,0.147384
sp0.3_si2.0_mortal,0.3,2.0,False,2,22,239,0.588235,0.273109,2.153838,1.0,0,survived,0.548395,0.121559
sp0.3_si2.0_mortal,0.3,2.0,False,2,23,175,0.603448,0.281609,2.14285,1.0,0,survived,0.470637,0.117544
sp0.3_si2.0_mortal,0.3,2.0,False,2,24,256,0.556863,0.321569,1.731702,1.0,0,survived,0.558116,0.114532
sp0.3_si2.0_mortal,0.3,2.0,False,2,25,13,0.833333,0.166667,4.99997,0.1,0,survived,0.350364,0.142925
sp0.3_si2.0_mortal,0.3,2.0,False,2,26,370,0.607046,0.311653,1.94782,1.0,0,survived,0.727535,0.324728
sp0.3_si2.0_mortal,0.3,2.0,False,2,27,60,0.610169,0.254237,2.399991,1.0,0,survived,0.32267,0.322899
sp0.3_si2.0_mortal,0.3,2.0,False,2,28,364,0.608815,0.23416,2.599989,1.0,0,survived,0.720382,0.303787
sp0.3_si2.0_mortal,0.3,2.0,False,2,29,162,0.652174,0.242236,2.692297,1.0,0,survived,0.473097,0.303665
sp0.3_si2.0_mortal,0.3,2.0,False,2,30,72,0.535211,0.338028,1.583329,1.0,0,survived,0.308408,0.287508
sp0.3_si2.0_mortal,0.3,2.0,False,2,31,133,0.681818,0.204545,3.333317,1.0,0,survived,0.446963,0.286907
sp0.3_si2.0_mortal,0.3,2.0,False,2,32,93,0.565217,0.347826,1.624995,1.0,0,survived,0.347921,0.267082
sp0.3_si2.0_mortal,0.3,2.0,False,2,33,68,0.746269,0.19403,3.846134,1.0,0,survived,0.38759,0.276699
sp0.3_si2.0_mortal,0.3,2.0,False,2,34,64,0.587302,0.285714,2.055548,1.0,0,survived,0.318763,0.224488
sp0.3_si2.0_mortal,0.3,2.0,False,2,35,431,0.57907,0.313953,1.844439,1.0,0,survived,0.796257,0.181674
sp0.3_si2.0_mortal,0.3,2.0,False,2,36,22,0.380952,0.238095,1.599993,1.0,0,survived,0.181202,0.191917
sp0.3_si2.0_mortal,0.3,2.0,False,2,37,48,0.680851,0.319149,2.133327,1.0,0,survived,0.335223,0.229668
sp0.3_si2.0_mortal,0.3,2.0,False,2,38,188,0.625668,0.304813,2.052625,1.0,0,survived,0.496556,0.235369
sp0.3_si2.0_mortal,0.3,2.0,False,2,39,70,0.623188,0.26087,2.38888,1.0,0,survived,0.340978,0.230647
sp0.3_si2.0_mortal,0.3,2.0,False,2,40,208,0.594203,0.347826,1.708328,1.0,0,survived,0.51017,0.232134
sp0.3_si2.0_mortal,0.3,2.0,False,2,41,140,0.589928,0.294964,1.999993,1.0,0,survived,0.419377,0.232223
sp0.3_si2.0_mortal,0.3,2.0,False,2,42,324,0.640867,0.263158,2.435285,1.0,0,survived,0.680801,0.217188
sp0.3_si2.0_mortal,0.3,2.0,False,2,43,249,0.629032,0.290323,2.166659,1.0,0,survived,0.577814,0.223148
sp0.3_si2.0_mortal,0.3,2.0,False,2,44,115,0.605263,0.307018,1.971422,1.0,0,survived,0.39276,0.220909
sp0.3_si2.0_mortal,0.3,2.0,False,2,45,45,0.659091,0.340909,1.933328,1.0,0,survived,0.322588,0.220074
sp0.3_si2.0_mortal,0.3,2.0,False,2,46,203,0.643564,0.217822,2.954532,1.0,0,survived,0.523365,0.225228
sp0.3_si2.0_mortal,0.3,2.0,False,2,47,179,0.58427,0.308989,1.890903,1.0,0,survived,0.468206,0.227007
sp0.3_si2.0_mortal,0.3,2.0,False,2,48,528,0.652,0.262,2.48854,1.0,0,survived,0.8608,0.181858
sp0.3_si2.0_mortal,0.3,2.0,False,2,49,235,0.58547,0.294872,1.985501,1.0,0,survived,0.501233,0.187619
sp0.3_si2.0_immortal,0.3,2.0,True,0,0,1000,0.612,0.298,2.053684,1.0,0,revivedĂ—2,0.0,0.0
sp0.3_si2.0_immortal,0.3,2.0,True,0,1,1000,0.628,0.304,2.065783,1.0,0,revivedĂ—8,0.8448,0.0
sp0.3_si2.0_immortal,0.3,2.0,True,0,2,1000,0.55,0.366,1.502728,1.0,0,revivedĂ—15,0.8512,0.0
sp0.3_si2.0_immortal,0.3,2.0,True,0,3,1000,0.59,0.344,1.715111,1.0,0,revivedĂ—29,0.82,1.0
sp0.3_si2.0_immortal,0.3,2.0,True,0,4,1000,0.622,0.336,1.851185,1.0,0,revivedĂ—46,0.836,-0.752451
sp0.3_si2.0_immortal,0.3,2.0,True,0,5,1000,0.564,0.376,1.499996,1.0,0,revivedĂ—64,0.8488,-0.549955
sp0.3_si2.0_immortal,0.3,2.0,True,0,6,1000,0.518,0.422,1.227485,0.99,0,revivedĂ—77,0.8256,-0.089874
sp0.3_si2.0_immortal,0.3,2.0,True,0,7,1000,0.586,0.354,1.655363,0.86625,0,revivedĂ—93,0.8072,-0.36431
sp0.3_si2.0_immortal,0.3,2.0,True,0,8,1000,0.59,0.374,1.577536,0.83,0,revivedĂ—106,0.8344,-0.635284
sp0.3_si2.0_immortal,0.3,2.0,True,0,9,1000,0.612,0.334,1.83233,0.759,0,revivedĂ—117,0.836,-0.504751
sp0.3_si2.0_immortal,0.3,2.0,True,0,10,1000,0.62,0.324,1.913574,0.803636,0,revivedĂ—127,0.8448,-0.389547
sp0.3_si2.0_immortal,0.3,2.0,True,0,11,1000,0.578,0.36,1.605551,0.793333,0,revivedĂ—137,0.848,-0.190397
sp0.3_si2.0_immortal,0.3,2.0,True,0,12,1000,0.588,0.34,1.729407,0.732308,0,revivedĂ—150,0.8312,-0.014037
sp0.3_si2.0_immortal,0.3,2.0,True,0,13,1000,0.614,0.32,1.918744,0.68,0,revivedĂ—164,0.8352,-0.063499
sp0.3_si2.0_immortal,0.3,2.0,True,0,14,1000,0.58,0.378,1.534387,0.634667,0,revivedĂ—184,0.8456,-0.06103
sp0.3_si2.0_immortal,0.3,2.0,True,0,15,1000,0.556,0.396,1.404037,0.595,0,revivedĂ—203,0.832,0.042652
sp0.3_si2.0_immortal,0.3,2.0,True,0,16,1000,0.542,0.368,1.472822,0.56,0,revivedĂ—222,0.8224,-0.002127
sp0.3_si2.0_immortal,0.3,2.0,True,0,17,1000,0.554,0.352,1.573859,0.528889,0,revivedĂ—231,0.8168,-0.120346
sp0.3_si2.0_immortal,0.3,2.0,True,0,18,1000,0.546,0.392,1.392854,0.501053,0,revivedĂ—243,0.8216,-0.247976
sp0.3_si2.0_immortal,0.3,2.0,True,0,19,1000,0.586,0.366,1.601089,0.476,0,revivedĂ—270,0.8184,-0.314815
sp0.3_si2.0_immortal,0.3,2.0,True,0,20,1000,0.628,0.306,2.052281,0.502857,0,revivedĂ—280,0.8344,-0.384832
sp0.3_si2.0_immortal,0.3,2.0,True,0,21,1000,0.584,0.38,1.536838,0.486818,0,revivedĂ—292,0.8512,-0.343961
sp0.3_si2.0_immortal,0.3,2.0,True,0,22,1000,0.558,0.38,1.468417,0.465652,0,revivedĂ—317,0.8336,-0.185363
sp0.3_si2.0_immortal,0.3,2.0,True,0,23,1000,0.552,0.386,1.430048,0.44625,0,revivedĂ—327,0.8232,-0.172852
sp0.3_si2.0_immortal,0.3,2.0,True,0,24,1000,0.562,0.364,1.543952,0.4284,0,revivedĂ—347,0.8208,-0.22166
sp0.3_si2.0_immortal,0.3,2.0,True,0,25,1000,0.548,0.368,1.489126,0.411923,0,revivedĂ—365,0.8248,-0.274732
sp0.3_si2.0_immortal,0.3,2.0,True,0,26,1000,0.59,0.308,1.915578,0.396667,0,revivedĂ—377,0.8192,-0.300204
sp0.3_si2.0_immortal,0.3,2.0,True,0,27,1000,0.604,0.378,1.597879,0.3825,0,revivedĂ—395,0.836,-0.347296
sp0.3_si2.0_immortal,0.3,2.0,True,0,28,1000,0.612,0.358,1.709492,0.36931,0,revivedĂ—406,0.8416,-0.305305
sp0.3_si2.0_immortal,0.3,2.0,True,0,29,1000,0.596,0.356,1.674153,0.357,0,revivedĂ—424,0.8448,-0.236215
sp0.3_si2.0_immortal,0.3,2.0,True,0,30,1000,0.61,0.354,1.723159,0.345484,0,revivedĂ—444,0.8384,-0.157926
sp0.3_si2.0_immortal,0.3,2.0,True,0,31,1000,0.614,0.326,1.88343,0.334688,0,revivedĂ—464,0.844,-0.122041
sp0.3_si2.0_immortal,0.3,2.0,True,0,32,1000,0.62,0.31,1.999994,0.345758,0,revivedĂ—479,0.8456,-0.062331
sp0.3_si2.0_immortal,0.3,2.0,True,0,33,1000,0.586,0.372,1.575265,0.337941,0,revivedĂ—496,0.848,-0.002237
sp0.3_si2.0_immortal,0.3,2.0,True,0,34,1000,0.598,0.334,1.790414,0.329714,0,revivedĂ—507,0.8344,0.06086
sp0.3_si2.0_immortal,0.3,2.0,True,0,35,1000,0.602,0.374,1.609621,0.320556,0,revivedĂ—521,0.8392,0.059453
sp0.3_si2.0_immortal,0.3,2.0,True,0,36,1000,0.546,0.378,1.444441,0.311892,0,revivedĂ—543,0.8408,0.078423
sp0.3_si2.0_immortal,0.3,2.0,True,0,37,1000,0.58,0.366,1.584695,0.303684,0,revivedĂ—560,0.8184,0.102196
sp0.3_si2.0_immortal,0.3,2.0,True,0,38,1000,0.614,0.32,1.918744,0.308462,0,revivedĂ—574,0.832,0.030925
sp0.3_si2.0_immortal,0.3,2.0,True,0,39,1000,0.598,0.348,1.718386,0.30075,0,revivedĂ—593,0.8456,0.021717
sp0.3_si2.0_immortal,0.3,2.0,True,0,40,1000,0.646,0.314,2.057318,0.307317,0,revivedĂ—604,0.8392,0.065634
sp0.3_si2.0_immortal,0.3,2.0,True,0,41,1000,0.544,0.382,1.42408,0.301905,0,revivedĂ—615,0.8584,0.081881
sp0.3_si2.0_immortal,0.3,2.0,True,0,42,1000,0.59,0.374,1.577536,0.294884,0,revivedĂ—630,0.8176,0.16046
sp0.3_si2.0_immortal,0.3,2.0,True,0,43,1000,0.572,0.356,1.606737,0.288182,0,revivedĂ—645,0.836,0.091072
sp0.3_si2.0_immortal,0.3,2.0,True,0,44,1000,0.588,0.354,1.661012,0.281778,0,revivedĂ—662,0.8288,0.092816
sp0.3_si2.0_immortal,0.3,2.0,True,0,45,1000,0.56,0.386,1.450773,0.275652,0,revivedĂ—687,0.8352,0.070023
sp0.3_si2.0_immortal,0.3,2.0,True,0,46,1000,0.61,0.336,1.815471,0.269787,0,revivedĂ—698,0.824,0.07017
sp0.3_si2.0_immortal,0.3,2.0,True,0,47,1000,0.608,0.344,1.767437,0.264167,0,revivedĂ—711,0.844,0.033233
sp0.3_si2.0_immortal,0.3,2.0,True,0,48,1000,0.594,0.376,1.579783,0.258776,0,revivedĂ—731,0.8432,0.063076
sp0.3_si2.0_immortal,0.3,2.0,True,0,49,1000,0.632,0.332,1.903609,0.2536,0,revivedĂ—747,0.8376,0.088217
sp0.3_si2.0_immortal,0.3,2.0,True,1,0,1000,0.612,0.298,2.053684,1.0,0,revivedĂ—4,0.0,0.0
sp0.3_si2.0_immortal,0.3,2.0,True,1,1,1000,0.588,0.364,1.61538,1.0,0,revivedĂ—14,0.8448,0.0
sp0.3_si2.0_immortal,0.3,2.0,True,1,2,1000,0.56,0.36,1.555551,1.0,0,revivedĂ—21,0.8352,0.0
sp0.3_si2.0_immortal,0.3,2.0,True,1,3,1000,0.632,0.294,2.149653,1.0,0,revivedĂ—33,0.824,-1.0
sp0.3_si2.0_immortal,0.3,2.0,True,1,4,1000,0.682,0.306,2.228751,1.0,0,revivedĂ—45,0.8528,-0.999015
sp0.3_si2.0_immortal,0.3,2.0,True,1,5,1000,0.602,0.35,1.719995,1.0,0,revivedĂ—59,0.8728,0.132964
sp0.3_si2.0_immortal,0.3,2.0,True,1,6,1000,0.578,0.38,1.521049,1.0,0,revivedĂ—77,0.8408,0.629606
sp0.3_si2.0_immortal,0.3,2.0,True,1,7,1000,0.61,0.33,1.848479,1.0,0,revivedĂ—89,0.8312,0.39006
sp0.3_si2.0_immortal,0.3,2.0,True,1,8,1000,0.548,0.388,1.412367,0.952222,0,revivedĂ—104,0.844,0.092068
sp0.3_si2.0_immortal,0.3,2.0,True,1,9,1000,0.546,0.388,1.407213,0.857,0,revivedĂ—114,0.8192,0.087682
sp0.3_si2.0_immortal,0.3,2.0,True,1,10,1000,0.606,0.34,1.782348,0.783636,0,revivedĂ—122,0.8184,-0.209048
sp0.3_si2.0_immortal,0.3,2.0,True,1,11,1000,0.552,0.394,1.401012,0.739167,0,revivedĂ—136,0.8424,-0.380855
sp0.3_si2.0_immortal,0.3,2.0,True,1,12,1000,0.586,0.358,1.636867,0.689231,0,revivedĂ—148,0.8208,-0.290107
sp0.3_si2.0_immortal,0.3,2.0,True,1,13,1000,0.562,0.384,1.463538,0.64,0,revivedĂ—171,0.8344,-0.395899
sp0.3_si2.0_immortal,0.3,2.0,True,1,14,1000,0.602,0.36,1.672218,0.625333,0,revivedĂ—182,0.8248,-0.373917
sp0.3_si2.0_immortal,0.3,2.0,True,1,15,1000,0.654,0.314,2.082796,0.6225,0,revivedĂ—199,0.8408,-0.423067
sp0.3_si2.0_immortal,0.3,2.0,True,1,16,1000,0.628,0.31,2.0258,0.602941,0,revivedĂ—214,0.8616,-0.344133
sp0.3_si2.0_immortal,0.3,2.0,True,1,17,1000,0.626,0.308,2.032461,0.569444,0,revivedĂ—236,0.8512,-0.113923
sp0.3_si2.0_immortal,0.3,2.0,True,1,18,1000,0.578,0.374,1.54545,0.539474,0,revivedĂ—257,0.8504,-0.016193
sp0.3_si2.0_immortal,0.3,2.0,True,1,19,1000,0.594,0.326,1.82208,0.5165,0,revivedĂ—268,0.8312,0.057572
sp0.3_si2.0_immortal,0.3,2.0,True,1,20,1000,0.674,0.28,2.407134,0.560476,0,revivedĂ—281,0.8376,0.003207
sp0.3_si2.0_immortal,0.3,2.0,True,1,21,1000,0.594,0.314,1.891714,0.629091,0,revivedĂ—293,0.8696,-0.005194
sp0.3_si2.0_immortal,0.3,2.0,True,1,22,1000,0.57,0.374,1.52406,0.603478,0,revivedĂ—307,0.8376,0.154749
sp0.3_si2.0_immortal,0.3,2.0,True,1,23,1000,0.596,0.336,1.773804,0.635417,0,revivedĂ—318,0.828,0.130084
sp0.3_si2.0_immortal,0.3,2.0,True,1,24,1000,0.604,0.318,1.899365,0.66,0,revivedĂ—330,0.8384,0.059868
sp0.3_si2.0_immortal,0.3,2.0,True,1,25,1000,0.584,0.362,1.613255,0.648462,0,revivedĂ—339,0.8416,0.049801
sp0.3_si2.0_immortal,0.3,2.0,True,1,26,1000,0.58,0.352,1.647723,0.666667,0,revivedĂ—355,0.8336,0.055936
sp0.3_si2.0_immortal,0.3,2.0,True,1,27,1000,0.608,0.346,1.75722,0.661429,0,revivedĂ—363,0.832,0.024207
sp0.3_si2.0_immortal,0.3,2.0,True,1,28,1000,0.58,0.346,1.676296,0.638621,0,revivedĂ—374,0.8432,-0.011098
sp0.3_si2.0_immortal,0.3,2.0,True,1,29,1000,0.654,0.322,2.03105,0.682667,0,revivedĂ—379,0.832,0.007082
sp0.3_si2.0_immortal,0.3,2.0,True,1,30,1000,0.578,0.378,1.529096,0.661613,0,revivedĂ—398,0.8616,-0.025253
sp0.3_si2.0_immortal,0.3,2.0,True,1,31,1000,0.59,0.364,1.620875,0.640938,0,revivedĂ—408,0.8312,0.068694
sp0.3_si2.0_immortal,0.3,2.0,True,1,32,1000,0.578,0.372,1.553759,0.621515,0,revivedĂ—420,0.836,0.030414
sp0.3_si2.0_immortal,0.3,2.0,True,1,33,1000,0.574,0.372,1.543007,0.603235,0,revivedĂ—430,0.8312,0.014889
sp0.3_si2.0_immortal,0.3,2.0,True,1,34,1000,0.636,0.28,2.27142,0.661714,0,revivedĂ—435,0.8296,-0.017693
sp0.3_si2.0_immortal,0.3,2.0,True,1,35,1000,0.6,0.336,1.785709,0.654444,0,revivedĂ—447,0.8544,-0.053008
sp0.3_si2.0_immortal,0.3,2.0,True,1,36,1000,0.62,0.342,1.81286,0.636757,0,revivedĂ—461,0.84,0.006511
sp0.3_si2.0_immortal,0.3,2.0,True,1,37,1000,0.6,0.362,1.657454,0.64,0,revivedĂ—482,0.848,0.008459
sp0.3_si2.0_immortal,0.3,2.0,True,1,38,1000,0.58,0.384,1.510413,0.62359,0,revivedĂ—494,0.84,0.038395
sp0.3_si2.0_immortal,0.3,2.0,True,1,39,1000,0.58,0.366,1.584695,0.608,0,revivedĂ—505,0.832,0.038168
sp0.3_si2.0_immortal,0.3,2.0,True,1,40,1000,0.614,0.35,1.754281,0.593171,0,revivedĂ—524,0.832,0.010379
sp0.3_si2.0_immortal,0.3,2.0,True,1,41,1000,0.592,0.378,1.566133,0.579048,0,revivedĂ—539,0.8456,-0.01513
sp0.3_si2.0_immortal,0.3,2.0,True,1,42,1000,0.534,0.386,1.383416,0.565581,0,revivedĂ—552,0.8368,0.006504
sp0.3_si2.0_immortal,0.3,2.0,True,1,43,1000,0.592,0.372,1.591394,0.552727,0,revivedĂ—579,0.8136,-0.002303
sp0.3_si2.0_immortal,0.3,2.0,True,1,44,1000,0.604,0.354,1.70621,0.540444,0,revivedĂ—592,0.8368,-0.081647
sp0.3_si2.0_immortal,0.3,2.0,True,1,45,1000,0.534,0.398,1.341705,0.528696,0,revivedĂ—614,0.8416,-0.084823
sp0.3_si2.0_immortal,0.3,2.0,True,1,46,1000,0.572,0.398,1.437182,0.517447,0,revivedĂ—631,0.8136,-0.073234
sp0.3_si2.0_immortal,0.3,2.0,True,1,47,1000,0.6,0.356,1.685389,0.506667,0,revivedĂ—645,0.8288,-0.139999
sp0.3_si2.0_immortal,0.3,2.0,True,1,48,1000,0.622,0.348,1.787351,0.497755,0,revivedĂ—658,0.84,-0.161351
sp0.3_si2.0_immortal,0.3,2.0,True,1,49,1000,0.566,0.38,1.48947,0.4878,0,revivedĂ—670,0.8488,-0.150788
sp0.3_si2.0_immortal,0.3,2.0,True,2,0,1000,0.594,0.344,1.726739,1.0,0,revivedĂ—16,0.0,0.0
sp0.3_si2.0_immortal,0.3,2.0,True,2,1,1000,0.6,0.34,1.764701,1.0,0,revivedĂ—31,0.8376,0.0
sp0.3_si2.0_immortal,0.3,2.0,True,2,2,1000,0.632,0.292,2.164376,1.0,0,revivedĂ—34,0.84,0.0
sp0.3_si2.0_immortal,0.3,2.0,True,2,3,1000,0.616,0.328,1.878043,1.0,0,revivedĂ—46,0.8528,1.0
sp0.3_si2.0_immortal,0.3,2.0,True,2,4,1000,0.586,0.378,1.55026,1.0,0,revivedĂ—60,0.8464,0.930062
sp0.3_si2.0_immortal,0.3,2.0,True,2,5,1000,0.584,0.368,1.586952,1.0,0,revivedĂ—68,0.8344,0.74081
sp0.3_si2.0_immortal,0.3,2.0,True,2,6,1000,0.532,0.408,1.303918,1.0,0,revivedĂ—78,0.8336,0.0
sp0.3_si2.0_immortal,0.3,2.0,True,2,7,1000,0.536,0.386,1.388597,1.0,0,revivedĂ—89,0.8128,-0.309102
sp0.3_si2.0_immortal,0.3,2.0,True,2,8,1000,0.596,0.338,1.763308,0.967778,0,revivedĂ—108,0.8144,-0.647121
sp0.3_si2.0_immortal,0.3,2.0,True,2,9,1000,0.612,0.358,1.709492,0.871,0,revivedĂ—118,0.8384,-0.761506
sp0.3_si2.0_immortal,0.3,2.0,True,2,10,1000,0.556,0.384,1.447913,0.811818,0,revivedĂ—132,0.8448,-0.572646
sp0.3_si2.0_immortal,0.3,2.0,True,2,11,1000,0.622,0.31,2.006445,0.845,0,revivedĂ—143,0.8224,-0.340783
sp0.3_si2.0_immortal,0.3,2.0,True,2,12,1000,0.578,0.366,1.579231,0.78,0,revivedĂ—162,0.8488,-0.434408
sp0.3_si2.0_immortal,0.3,2.0,True,2,13,1000,0.548,0.38,1.442101,0.745,0,revivedĂ—178,0.8312,-0.206006
sp0.3_si2.0_immortal,0.3,2.0,True,2,14,1000,0.574,0.36,1.59444,0.738,0,revivedĂ—189,0.8192,-0.226338
sp0.3_si2.0_immortal,0.3,2.0,True,2,15,1000,0.574,0.354,1.621464,0.715625,0,revivedĂ—199,0.8296,-0.340909
sp0.3_si2.0_immortal,0.3,2.0,True,2,16,1000,0.582,0.388,1.499996,0.688235,0,revivedĂ—211,0.8296,-0.346396
sp0.3_si2.0_immortal,0.3,2.0,True,2,17,1000,0.588,0.378,1.555551,0.702778,0,revivedĂ—220,0.8328,-0.349722
sp0.3_si2.0_immortal,0.3,2.0,True,2,18,1000,0.59,0.352,1.676132,0.739474,0,revivedĂ—228,0.8352,-0.325207
sp0.3_si2.0_immortal,0.3,2.0,True,2,19,1000,0.61,0.348,1.752869,0.7025,0,revivedĂ—246,0.836,-0.283712
sp0.3_si2.0_immortal,0.3,2.0,True,2,20,1000,0.602,0.364,1.653842,0.71619,0,revivedĂ—256,0.844,-0.241353
sp0.3_si2.0_immortal,0.3,2.0,True,2,21,1000,0.626,0.332,1.885536,0.702273,0,revivedĂ—274,0.8408,-0.138282
sp0.3_si2.0_immortal,0.3,2.0,True,2,22,1000,0.554,0.38,1.457891,0.671739,0,revivedĂ—294,0.8504,-0.077669
sp0.3_si2.0_immortal,0.3,2.0,True,2,23,1000,0.626,0.344,1.819762,0.64375,0,revivedĂ—305,0.8216,0.04246
sp0.3_si2.0_immortal,0.3,2.0,True,2,24,1000,0.62,0.342,1.81286,0.618,0,revivedĂ—319,0.8504,-0.052157
sp0.3_si2.0_immortal,0.3,2.0,True,2,25,1000,0.544,0.378,1.43915,0.611923,0,revivedĂ—335,0.848,0.051474
sp0.3_si2.0_immortal,0.3,2.0,True,2,26,1000,0.584,0.378,1.544969,0.589259,0,revivedĂ—347,0.8176,0.123053
sp0.3_si2.0_immortal,0.3,2.0,True,2,27,1000,0.582,0.376,1.547868,0.568214,0,revivedĂ—363,0.8336,0.00876
sp0.3_si2.0_immortal,0.3,2.0,True,2,28,1000,0.584,0.368,1.586952,0.548621,0,revivedĂ—384,0.8328,0.0
sp0.3_si2.0_immortal,0.3,2.0,True,2,29,1000,0.548,0.374,1.465237,0.530333,0,revivedĂ—396,0.8336,-0.012143
sp0.3_si2.0_immortal,0.3,2.0,True,2,30,1000,0.596,0.338,1.763308,0.513226,0,revivedĂ—411,0.8192,-0.018791
sp0.3_si2.0_immortal,0.3,2.0,True,2,31,1000,0.6,0.358,1.675973,0.497188,0,revivedĂ—422,0.8384,-0.096644
sp0.3_si2.0_immortal,0.3,2.0,True,2,32,1000,0.562,0.39,1.441022,0.482121,0,revivedĂ—438,0.84,-0.071966
sp0.3_si2.0_immortal,0.3,2.0,True,2,33,1000,0.606,0.332,1.825296,0.514118,0,revivedĂ—444,0.8248,-0.041712
sp0.3_si2.0_immortal,0.3,2.0,True,2,34,1000,0.6,0.31,1.935478,0.567143,0,revivedĂ—454,0.8424,-0.086241
sp0.3_si2.0_immortal,0.3,2.0,True,2,35,1000,0.59,0.356,1.657299,0.572222,0,revivedĂ—465,0.84,-0.04472
sp0.3_si2.0_immortal,0.3,2.0,True,2,36,1000,0.578,0.36,1.605551,0.56973,0,revivedĂ—482,0.836,-0.018222
sp0.3_si2.0_immortal,0.3,2.0,True,2,37,1000,0.568,0.386,1.471499,0.554737,0,revivedĂ—500,0.8312,-0.01202
sp0.3_si2.0_immortal,0.3,2.0,True,2,38,1000,0.616,0.346,1.780342,0.544103,0,revivedĂ—513,0.8272,-0.027562
sp0.3_si2.0_immortal,0.3,2.0,True,2,39,1000,0.616,0.36,1.711106,0.5305,0,revivedĂ—525,0.8464,-0.058978
sp0.3_si2.0_immortal,0.3,2.0,True,2,40,1000,0.578,0.364,1.587908,0.517561,0,revivedĂ—546,0.8464,-0.005683
sp0.3_si2.0_immortal,0.3,2.0,True,2,41,1000,0.574,0.366,1.568302,0.505238,0,revivedĂ—568,0.8312,0.042082
sp0.3_si2.0_immortal,0.3,2.0,True,2,42,1000,0.59,0.344,1.715111,0.493488,0,revivedĂ—578,0.8296,0.024612
sp0.3_si2.0_immortal,0.3,2.0,True,2,43,1000,0.53,0.386,1.373053,0.482273,0,revivedĂ—591,0.836,0.002023
sp0.3_si2.0_immortal,0.3,2.0,True,2,44,1000,0.598,0.356,1.679771,0.494667,0,revivedĂ—600,0.812,0.006309
sp0.3_si2.0_immortal,0.3,2.0,True,2,45,1000,0.568,0.352,1.613632,0.521087,0,revivedĂ—611,0.8392,-0.078719
sp0.3_si2.0_immortal,0.3,2.0,True,2,46,1000,0.598,0.356,1.679771,0.515106,0,revivedĂ—624,0.8272,-0.058469
sp0.3_si2.0_immortal,0.3,2.0,True,2,47,1000,0.588,0.382,1.539263,0.504375,0,revivedĂ—642,0.8392,-0.082429
sp0.3_si2.0_immortal,0.3,2.0,True,2,48,1000,0.602,0.342,1.760229,0.494082,0,revivedĂ—658,0.8352,-0.062469
sp0.3_si2.0_immortal,0.3,2.0,True,2,49,1000,0.566,0.356,1.589883,0.4842,0,revivedĂ—682,0.8408,-0.057902
